model,query_set,tag,bin_low,bin_high,n_detections,mean_confidence,fraction_correct
YOLO11s fine-tune,,baseline_a_full,0.0,0.1,1356,0.0705,0.0406
YOLO11s fine-tune,,baseline_a_full,0.1,0.2,851,0.1385,0.0917
YOLO11s fine-tune,,baseline_a_full,0.2,0.3,420,0.2449,0.2119
YOLO11s fine-tune,,baseline_a_full,0.3,0.4,437,0.3534,0.4531
YOLO11s fine-tune,,baseline_a_full,0.4,0.5,655,0.4528,0.6794
YOLO11s fine-tune,,baseline_a_full,0.5,0.6000000000000001,1036,0.5549,0.7876
YOLO11s fine-tune,,baseline_a_full,0.6000000000000001,0.7000000000000001,1835,0.6521,0.8708
YOLO11s fine-tune,,baseline_a_full,0.7000000000000001,0.8,2776,0.7521,0.9226
YOLO11s fine-tune,,baseline_a_full,0.8,0.9,2451,0.8529,0.9825
YOLO11s fine-tune,,baseline_a_full,0.9,1.0,390,0.9107,0.9974
YOLO-World v2-s,canonical,baseline_b_canonical_1280,0.0,0.1,2717,0.0708,0.078
YOLO-World v2-s,canonical,baseline_b_canonical_1280,0.1,0.2,1893,0.1401,0.1067
YOLO-World v2-s,canonical,baseline_b_canonical_1280,0.2,0.3,824,0.2448,0.199
YOLO-World v2-s,canonical,baseline_b_canonical_1280,0.3,0.4,441,0.3461,0.3243
YOLO-World v2-s,canonical,baseline_b_canonical_1280,0.4,0.5,291,0.4494,0.4777
YOLO-World v2-s,canonical,baseline_b_canonical_1280,0.5,0.6000000000000001,213,0.5464,0.6901
YOLO-World v2-s,canonical,baseline_b_canonical_1280,0.6000000000000001,0.7000000000000001,208,0.651,0.7212
YOLO-World v2-s,canonical,baseline_b_canonical_1280,0.7000000000000001,0.8,311,0.7556,0.8585
YOLO-World v2-s,canonical,baseline_b_canonical_1280,0.8,0.9,567,0.8499,0.903
YOLO-World v2-s,canonical,baseline_b_canonical_1280,0.9,1.0,47,0.921,0.8298
YOLO-World v2-s,attributed,baseline_b_attributed_1280,0.0,0.1,6932,0.0717,0.0603
YOLO-World v2-s,attributed,baseline_b_attributed_1280,0.1,0.2,5839,0.1431,0.0875
YOLO-World v2-s,attributed,baseline_b_attributed_1280,0.2,0.3,3072,0.2455,0.1214
YOLO-World v2-s,attributed,baseline_b_attributed_1280,0.3,0.4,2023,0.3474,0.1453
YOLO-World v2-s,attributed,baseline_b_attributed_1280,0.4,0.5,1564,0.4474,0.179
YOLO-World v2-s,attributed,baseline_b_attributed_1280,0.5,0.6000000000000001,1334,0.5485,0.2219
YOLO-World v2-s,attributed,baseline_b_attributed_1280,0.6000000000000001,0.7000000000000001,1203,0.6495,0.2394
YOLO-World v2-s,attributed,baseline_b_attributed_1280,0.7000000000000001,0.8,1184,0.7492,0.3488
YOLO-World v2-s,attributed,baseline_b_attributed_1280,0.8,0.9,1357,0.8507,0.4503
YOLO-World v2-s,attributed,baseline_b_attributed_1280,0.9,1.0,2206,0.9548,0.7221
YOLO11s fine-tune,,baseline_a_pilot,0.0,0.1,2105,0.071,0.0276
YOLO11s fine-tune,,baseline_a_pilot,0.1,0.2,1775,0.1444,0.0518
YOLO11s fine-tune,,baseline_a_pilot,0.2,0.3,1012,0.2468,0.1166
YOLO11s fine-tune,,baseline_a_pilot,0.3,0.4,939,0.3508,0.2939
YOLO11s fine-tune,,baseline_a_pilot,0.4,0.5,1099,0.4537,0.5851
YOLO11s fine-tune,,baseline_a_pilot,0.5,0.6000000000000001,1717,0.5523,0.7676
YOLO11s fine-tune,,baseline_a_pilot,0.6000000000000001,0.7000000000000001,2233,0.6517,0.8607
YOLO11s fine-tune,,baseline_a_pilot,0.7000000000000001,0.8,1639,0.7443,0.9378
YOLO11s fine-tune,,baseline_a_pilot,0.8,0.9,1639,0.848,0.975
YOLO11s fine-tune,,baseline_a_pilot,0.9,1.0,75,0.9132,1.0
YOLO-World v2-s,canonical,baseline_b_canonical,0.0,0.1,1917,0.0715,0.1007
YOLO-World v2-s,canonical,baseline_b_canonical,0.1,0.2,1624,0.142,0.1755
YOLO-World v2-s,canonical,baseline_b_canonical,0.2,0.3,649,0.2447,0.2388
YOLO-World v2-s,canonical,baseline_b_canonical,0.3,0.4,330,0.3451,0.3667
YOLO-World v2-s,canonical,baseline_b_canonical,0.4,0.5,218,0.445,0.6193
YOLO-World v2-s,canonical,baseline_b_canonical,0.5,0.6000000000000001,174,0.5505,0.7069
YOLO-World v2-s,canonical,baseline_b_canonical,0.6000000000000001,0.7000000000000001,272,0.6548,0.9375
YOLO-World v2-s,canonical,baseline_b_canonical,0.7000000000000001,0.8,259,0.7425,0.9846
YOLO-World v2-s,canonical,baseline_b_canonical,0.8,0.9,114,0.8396,0.9035
YOLO-World v2-s,canonical,baseline_b_canonical,0.9,1.0,14,0.9216,0.2143
YOLO-World v2-s,attributed,baseline_b_attributed,0.0,0.1,4039,0.0709,0.0587
YOLO-World v2-s,attributed,baseline_b_attributed,0.1,0.2,3320,0.1431,0.0985
YOLO-World v2-s,attributed,baseline_b_attributed,0.2,0.3,1665,0.2471,0.1393
YOLO-World v2-s,attributed,baseline_b_attributed,0.3,0.4,1137,0.3495,0.1917
YOLO-World v2-s,attributed,baseline_b_attributed,0.4,0.5,937,0.4484,0.2134
YOLO-World v2-s,attributed,baseline_b_attributed,0.5,0.6000000000000001,857,0.5507,0.2812
YOLO-World v2-s,attributed,baseline_b_attributed,0.6000000000000001,0.7000000000000001,825,0.6487,0.3285
YOLO-World v2-s,attributed,baseline_b_attributed,0.7000000000000001,0.8,780,0.7499,0.3769
YOLO-World v2-s,attributed,baseline_b_attributed,0.8,0.9,805,0.8512,0.5615
YOLO-World v2-s,attributed,baseline_b_attributed,0.9,1.0,1133,0.9498,0.7917
